Team,TotalMatches,Wins,Losses,Draws,WinRate(%),Home_Played,Home_Wins,Home_WinRate(%),Away_Played,Away_Wins,Away_WinRate(%),Total_Goals_Scored,Avg_Goals_per_Match,Total_Shots,Avg_Shots_per_Match,Total_Shots_on_Target,Avg_SOT_per_Match,Total_Fouls,Avg_Fouls_per_Match,Total_Yellow_Cards,Avg_YC_per_Match,Total_Red_Cards,Avg_RC_per_Match,Total_Corners,Avg_Corners_per_Match,Recent_Matches,Recent_Wins,Recent_WinRate(%)
Man United,960,564,198,198,58.75,481,324,67.36,479,240,50.1,1732,1.804,13907,14.486,6488,6.758,10319,10.749,1571,1.636,56,0.0583,6315,6.578,124,62,50.0
Arsenal,960,551,188,221,57.4,481,325,67.57,479,226,47.18,1832,1.908,13605,14.172,6356,6.621,10100,10.521,1484,1.546,83,0.0865,6339,6.603,124,83,66.94
Chelsea,960,544,195,221,56.67,481,304,63.2,479,240,50.1,1730,1.802,14298,14.894,6351,6.616,10218,10.644,1623,1.691,69,0.0719,6326,6.59,124,53,42.74
Liverpool,960,539,191,230,56.15,480,314,65.42,480,225,46.88,1786,1.86,14981,15.605,6585,6.859,9974,10.39,1292,1.346,58,0.0604,6647,6.924,124,78,62.9
Man City,922,513,233,176,55.64,460,300,65.22,462,213,46.1,1762,1.911,13677,14.834,6018,6.527,9828,10.659,1390,1.508,70,0.0759,6093,6.608,124,93,75.0
Tottenham,960,450,300,210,46.88,479,280,58.46,481,170,35.34,1553,1.618,13056,13.6,5985,6.234,10366,10.798,1540,1.604,67,0.0698,6001,6.251,124,68,54.84
Everton,960,356,339,265,37.08,480,227,47.29,480,129,26.88,1228,1.279,11382,11.856,5041,5.251,10874,11.327,1545,1.609,80,0.0833,5691,5.928,124,35,28.23
Newcastle,884,322,341,221,36.43,442,209,47.29,442,113,25.57,1190,1.346,10580,11.968,4655,5.266,9836,11.127,1436,1.624,75,0.0848,5019,5.678,124,55,44.35
Leeds,266,94,112,60,35.34,133,49,36.84,133,45,33.83,367,1.38,3192,12.0,1352,5.083,3624,13.624,531,1.996,22,0.0827,1465,5.508,76,16,21.05
Brentford,162,57,63,42,35.19,81,32,39.51,81,25,30.86,244,1.506,1896,11.704,721,4.451,1193,7.364,293,1.809,7,0.0432,1072,6.617,124,41,33.06
Aston Villa,846,289,322,235,34.16,423,172,40.66,423,117,27.66,1077,1.273,9550,11.288,4228,4.998,9926,11.733,1476,1.745,55,0.065,5057,5.978,124,58,46.77
Blackburn,418,140,168,110,33.49,209,86,41.15,209,54,25.84,518,1.239,4645,11.112,2390,5.718,5734,13.718,753,1.801,50,0.1196,2242,5.364,0,0,
Leicester,494,165,211,118,33.4,247,99,40.08,247,66,26.72,667,1.35,5553,11.241,2133,4.318,5255,10.638,768,1.555,38,0.0769,2773,5.613,76,23,30.26
West Ham,846,278,358,210,32.86,423,172,40.66,423,106,25.06,1072,1.267,9868,11.664,4065,4.805,8948,10.577,1435,1.696,60,0.0709,4821,5.699,124,45,36.29
Charlton,266,85,111,70,31.95,133,54,40.6,133,31,23.31,301,1.132,2523,9.485,1324,4.977,3283,12.342,338,1.271,21,0.0789,1350,5.075,0,0,
Bolton,418,132,176,110,31.58,209,81,38.76,209,51,24.4,495,1.184,4790,11.459,2556,6.115,5382,12.876,724,1.732,36,0.0861,2258,5.402,0,0,
Brighton,314,99,115,100,31.53,158,56,35.44,156,43,27.56,406,1.293,4047,12.889,1357,4.322,3025,9.634,531,1.691,22,0.0701,2059,6.557,124,47,37.9
Nott'm Forest,124,39,53,32,31.45,61,23,37.7,63,16,25.4,155,1.25,1394,11.242,467,3.766,866,6.984,273,2.202,7,0.0565,985,7.944,86,20,23.26
Swansea,266,82,118,66,30.83,133,51,38.35,133,31,23.31,306,1.15,2964,11.143,1199,4.508,2637,9.914,370,1.391,14,0.0526,1281,4.816,0,0,
Crystal Palace,504,155,218,131,30.75,252,85,33.73,252,70,27.78,584,1.159,5726,11.361,1982,3.933,5364,10.643,863,1.712,26,0.0516,3015,5.982,124,38,30.65
Bournemouth,314,96,146,72,30.57,158,56,35.44,156,40,25.64,398,1.268,3803,12.111,1307,4.162,2766,8.809,553,1.761,16,0.051,2230,7.102,86,25,29.07
Stoke,380,116,155,109,30.53,190,81,42.63,190,35,18.42,398,1.047,3881,10.213,1500,3.947,4469,11.761,688,1.811,30,0.0789,1712,4.505,0,0,
Wolves,428,129,197,102,30.14,214,79,36.92,214,50,23.36,476,1.112,4743,11.082,1902,4.444,4240,9.907,783,1.829,31,0.0724,2781,6.498,124,42,33.87
Fulham,694,208,305,181,29.97,346,146,42.2,348,62,17.82,804,1.159,7667,11.048,3514,5.063,7615,10.973,1098,1.582,50,0.072,3784,5.452,86,31,36.05
Portsmouth,266,79,122,65,29.7,133,54,40.6,133,25,18.8,292,1.098,3056,11.489,1616,6.075,3447,12.959,411,1.545,20,0.0752,1399,5.259,0,0,
Southampton,646,189,283,174,29.26,323,114,35.29,323,75,23.22,760,1.176,7745,11.989,3048,4.718,7327,11.342,969,1.5,45,0.0697,3711,5.745,76,15,19.74
Ipswich,114,33,56,25,28.95,57,18,31.58,57,15,26.32,134,1.175,1269,11.132,542,4.754,1005,8.816,156,1.368,8,0.0702,860,7.544,0,0,
Middlesbrough,380,107,162,111,28.16,190,71,37.37,190,36,18.95,414,1.089,3933,10.35,1955,5.145,4877,12.834,616,1.621,32,0.0842,1803,4.745,0,0,
Reading,114,32,59,23,28.07,57,23,40.35,57,9,15.79,136,1.193,1073,9.412,540,4.737,1217,10.675,146,1.281,9,0.0789,707,6.202,0,0,
Wigan,304,85,143,76,27.96,152,48,31.58,152,37,24.34,316,1.039,3588,11.803,1865,6.135,3690,12.138,518,1.704,27,0.0888,1508,4.961,0,0,
Birmingham,266,73,111,82,27.44,133,50,37.59,133,23,17.29,273,1.026,2429,9.132,1256,4.722,3321,12.485,432,1.624,27,0.1015,1313,4.936,0,0,
Blackpool,38,10,19,9,26.32,19,5,26.32,19,5,26.32,55,1.447,446,11.737,235,6.184,403,10.605,47,1.237,2,0.0526,186,4.895,0,0,
Burnley,352,89,177,86,25.28,176,54,30.68,176,35,19.89,349,0.991,3672,10.432,1273,3.616,3456,9.818,602,1.71,19,0.054,1816,5.159,86,13,15.12
Watford,266,67,139,60,25.19,133,40,30.08,133,27,20.3,275,1.034,2902,10.91,982,3.692,3337,12.545,477,1.793,24,0.0902,1231,4.628,38,6,15.79
Sunderland,532,127,266,139,23.87,266,81,30.45,266,46,17.29,520,0.977,5690,10.695,2615,4.915,6538,12.289,970,1.823,51,0.0959,2551,4.795,0,0,
West Brom,494,117,238,139,23.68,247,76,30.77,247,41,16.6,510,1.032,5362,10.854,2322,4.7,5647,11.431,769,1.557,35,0.0709,2400,4.858,0,0,
Cardiff,76,17,46,13,22.37,38,11,28.95,38,6,15.79,66,0.868,836,11.0,252,3.316,726,9.553,114,1.5,2,0.0263,364,4.789,0,0,
Hull,190,41,101,48,21.58,95,29,30.53,95,12,12.63,181,0.953,2002,10.537,781,4.111,2328,12.253,330,1.737,24,0.1263,847,4.458,0,0,
Coventry,38,8,20,10,21.05,19,4,21.05,19,4,21.05,36,0.947,389,10.237,177,4.658,529,13.921,76,2.0,4,0.1053,206,5.421,0,0,
Norwich,266,56,144,66,21.05,133,41,30.83,133,15,11.28,251,0.944,2873,10.801,1152,4.331,2858,10.744,398,1.496,16,0.0602,1239,4.658,38,5,13.16
Sheffield United,162,34,98,30,20.99,81,24,29.63,81,10,12.35,133,0.821,1534,9.469,575,3.549,1585,9.784,322,1.988,13,0.0802,1021,6.302,48,3,6.25
QPR,114,22,66,26,19.3,57,15,26.32,57,7,12.28,115,1.009,1492,13.088,660,5.789,1220,10.702,191,1.675,15,0.1316,544,4.772,0,0,
Derby,114,19,69,26,16.67,57,14,24.56,57,5,8.77,90,0.789,934,8.193,462,4.053,1557,13.658,211,1.851,6,0.0526,477,4.184,0,0,
Huddersfield,76,12,47,17,15.79,38,8,21.05,38,4,10.53,50,0.658,760,10.0,229,3.013,816,10.737,116,1.526,7,0.0921,327,4.303,0,0,
Luton,48,7,31,10,14.58,23,4,17.39,25,3,12.0,61,1.271,553,11.521,164,3.417,323,6.729,88,1.833,0,0.0,499,10.396,48,7,14.58
Bradford,38,5,22,11,13.16,19,4,21.05,19,1,5.26,30,0.789,371,9.763,174,4.579,517,13.605,57,1.5,1,0.0263,179,4.711,0,0,
