exp_id,name,n_features,features,accuracy,f1_macro,f1_H,f1_D,f1_A,train_time,report
EXP-0,Full Model (Baseline),26,"['HomeTeam_Wins', 'HomeTeam_Draws', 'HomeTeam_Losses', 'AwayTeam_Wins', 'AwayTeam_Draws', 'AwayTeam_Losses', 'HomeTeam_AvgGoalsScored', 'HomeTeam_AvgGoalsConceded', 'AwayTeam_AvgGoalsScored', 'AwayTeam_AvgGoalsConceded', 'HomeTeam_AvgShots', 'HomeTeam_AvgShotsConceded', 'AwayTeam_AvgShots', 'AwayTeam_AvgShotsConceded', 'HomeTeam_AvgCorners', 'HomeTeam_AvgCornersConceded', 'AwayTeam_AvgCorners', 'AwayTeam_AvgCornersConceded', 'HomeTeam_AvgFouls', 'AwayTeam_AvgFouls', 'HomeTeam_PrevSeasonRank', 'AwayTeam_PrevSeasonRank', 'HomeTeam_AvgAge', 'HomeTeam_AvgValue', 'AwayTeam_AvgAge', 'AwayTeam_AvgValue']",0.538540596094553,0.45888850815741095,0.6448979591836734,0.1901639344262295,0.5416036308623298,0.15318799018859863,"{'H': {'precision': 0.5776965265082267, 'recall': 0.7297921478060047, 'f1-score': 0.6448979591836734, 'support': 433.0}, 'D': {'precision': 0.32954545454545453, 'recall': 0.1336405529953917, 'f1-score': 0.1901639344262295, 'support': 217.0}, 'A': {'precision': 0.5295857988165681, 'recall': 0.5541795665634675, 'f1-score': 0.5416036308623298, 'support': 323.0}, 'accuracy': 0.538540596094553, 'macro avg': {'precision': 0.4789425932900831, 'recall': 0.47253742245495456, 'f1-score': 0.45888850815741095, 'support': 973.0}, 'weighted avg': {'precision': 0.5063825001358452, 'recall': 0.538540596094553, 'f1-score': 0.5091925620406526, 'support': 973.0}}"
EXP-0a,Minimal Baseline,0,[],0.4450154162384378,0.20531057373162634,0.615931721194879,0.0,0.0,0.00021791458129882812,"{'H': {'precision': 0.4450154162384378, 'recall': 1.0, 'f1-score': 0.615931721194879, 'support': 433.0}, 'D': {'precision': 0.0, 'recall': 0.0, 'f1-score': 0.0, 'support': 217.0}, 'A': {'precision': 0.0, 'recall': 0.0, 'f1-score': 0.0, 'support': 323.0}, 'accuracy': 0.4450154162384378, 'macro avg': {'precision': 0.14833847207947928, 'recall': 0.3333333333333333, 'f1-score': 0.20531057373162634, 'support': 973.0}, 'weighted avg': {'precision': 0.19803872068987008, 'recall': 0.4450154162384378, 'f1-score': 0.2740991112819965, 'support': 973.0}}"
EXP-1,Ablate Team Form (Group 2),16,"['HomeTeam_AvgShots', 'HomeTeam_AvgShotsConceded', 'AwayTeam_AvgShots', 'AwayTeam_AvgShotsConceded', 'HomeTeam_AvgCorners', 'HomeTeam_AvgCornersConceded', 'AwayTeam_AvgCorners', 'AwayTeam_AvgCornersConceded', 'HomeTeam_AvgFouls', 'AwayTeam_AvgFouls', 'HomeTeam_PrevSeasonRank', 'AwayTeam_PrevSeasonRank', 'HomeTeam_AvgAge', 'HomeTeam_AvgValue', 'AwayTeam_AvgAge', 'AwayTeam_AvgValue']",0.5179856115107914,0.4386690368905164,0.6480331262939959,0.1641337386018237,0.5038402457757296,0.13355708122253418,"{'H': {'precision': 0.5872420262664165, 'recall': 0.7228637413394919, 'f1-score': 0.6480331262939959, 'support': 433.0}, 'D': {'precision': 0.24107142857142858, 'recall': 0.12442396313364056, 'f1-score': 0.1641337386018237, 'support': 217.0}, 'A': {'precision': 0.5, 'recall': 0.5077399380804953, 'f1-score': 0.5038402457757296, 'support': 323.0}, 'accuracy': 0.5179856115107914, 'macro avg': {'precision': 0.4427711516126151, 'recall': 0.4516758808512093, 'f1-score': 0.4386690368905164, 'support': 973.0}, 'weighted avg': {'precision': 0.48107738681742895, 'recall': 0.5179856115107914, 'f1-score': 0.4922464176232853, 'support': 973.0}}"
EXP-2,Ablate Match Dynamics (Group 3),18,"['HomeTeam_Wins', 'HomeTeam_Draws', 'HomeTeam_Losses', 'AwayTeam_Wins', 'AwayTeam_Draws', 'AwayTeam_Losses', 'HomeTeam_AvgGoalsScored', 'HomeTeam_AvgGoalsConceded', 'AwayTeam_AvgGoalsScored', 'AwayTeam_AvgGoalsConceded', 'HomeTeam_AvgFouls', 'AwayTeam_AvgFouls', 'HomeTeam_PrevSeasonRank', 'AwayTeam_PrevSeasonRank', 'HomeTeam_AvgAge', 'HomeTeam_AvgValue', 'AwayTeam_AvgAge', 'AwayTeam_AvgValue']",0.5457348406988695,0.4511026013890973,0.6572864321608041,0.14893617021276595,0.547085201793722,0.12451505661010742,"{'H': {'precision': 0.5818505338078291, 'recall': 0.7551963048498845, 'f1-score': 0.6572864321608041, 'support': 433.0}, 'D': {'precision': 0.3230769230769231, 'recall': 0.0967741935483871, 'f1-score': 0.14893617021276595, 'support': 217.0}, 'A': {'precision': 0.5289017341040463, 'recall': 0.56656346749226, 'f1-score': 0.547085201793722, 'support': 323.0}, 'accuracy': 0.5457348406988695, 'macro avg': {'precision': 0.4779430636629329, 'recall': 0.4728446552968439, 'f1-score': 0.4511026013890973, 'support': 973.0}, 'weighted avg': {'precision': 0.5065613911223938, 'recall': 0.5457348406988695, 'f1-score': 0.5073306210083973, 'support': 973.0}}"
EXP-3,Ablate Discipline (Group 4),24,"['HomeTeam_Wins', 'HomeTeam_Draws', 'HomeTeam_Losses', 'AwayTeam_Wins', 'AwayTeam_Draws', 'AwayTeam_Losses', 'HomeTeam_AvgGoalsScored', 'HomeTeam_AvgGoalsConceded', 'AwayTeam_AvgGoalsScored', 'AwayTeam_AvgGoalsConceded', 'HomeTeam_AvgShots', 'HomeTeam_AvgShotsConceded', 'AwayTeam_AvgShots', 'AwayTeam_AvgShotsConceded', 'HomeTeam_AvgCorners', 'HomeTeam_AvgCornersConceded', 'AwayTeam_AvgCorners', 'AwayTeam_AvgCornersConceded', 'HomeTeam_PrevSeasonRank', 'AwayTeam_PrevSeasonRank', 'HomeTeam_AvgAge', 'HomeTeam_AvgValue', 'AwayTeam_AvgAge', 'AwayTeam_AvgValue']",0.513874614594039,0.42646270089887967,0.6375908618899273,0.13071895424836602,0.5110782865583456,0.12576007843017578,"{'H': {'precision': 0.5792452830188679, 'recall': 0.7090069284064665, 'f1-score': 0.6375908618899273, 'support': 433.0}, 'D': {'precision': 0.2247191011235955, 'recall': 0.09216589861751152, 'f1-score': 0.13071895424836602, 'support': 217.0}, 'A': {'precision': 0.4887005649717514, 'recall': 0.5356037151702786, 'f1-score': 0.5110782865583456, 'support': 323.0}, 'accuracy': 0.513874614594039, 'macro avg': {'precision': 0.43088831637140496, 'recall': 0.4455921807314189, 'f1-score': 0.42646270089887967, 'support': 973.0}, 'weighted avg': {'precision': 0.4701207964818764, 'recall': 0.513874614594039, 'f1-score': 0.48254999262957826, 'support': 973.0}}"
EXP-4,Ablate Previous Rank (Group 5a),24,"['HomeTeam_Wins', 'HomeTeam_Draws', 'HomeTeam_Losses', 'AwayTeam_Wins', 'AwayTeam_Draws', 'AwayTeam_Losses', 'HomeTeam_AvgGoalsScored', 'HomeTeam_AvgGoalsConceded', 'AwayTeam_AvgGoalsScored', 'AwayTeam_AvgGoalsConceded', 'HomeTeam_AvgShots', 'HomeTeam_AvgShotsConceded', 'AwayTeam_AvgShots', 'AwayTeam_AvgShotsConceded', 'HomeTeam_AvgCorners', 'HomeTeam_AvgCornersConceded', 'AwayTeam_AvgCorners', 'AwayTeam_AvgCornersConceded', 'HomeTeam_AvgFouls', 'AwayTeam_AvgFouls', 'HomeTeam_AvgAge', 'HomeTeam_AvgValue', 'AwayTeam_AvgAge', 'AwayTeam_AvgValue']",0.5210688591983555,0.43251846833538,0.6399197592778335,0.1476510067114094,0.5099846390168971,0.13501286506652832,"{'H': {'precision': 0.5656028368794326, 'recall': 0.7367205542725174, 'f1-score': 0.6399197592778335, 'support': 433.0}, 'D': {'precision': 0.2716049382716049, 'recall': 0.10138248847926268, 'f1-score': 0.1476510067114094, 'support': 217.0}, 'A': {'precision': 0.5060975609756098, 'recall': 0.5139318885448917, 'f1-score': 0.5099846390168971, 'support': 323.0}, 'accuracy': 0.5210688591983555, 'macro avg': {'precision': 0.4477684453755491, 'recall': 0.4506783104322239, 'f1-score': 0.43251846833538, 'support': 973.0}, 'weighted avg': {'precision': 0.48028141024548254, 'recall': 0.5210688591983555, 'f1-score': 0.4869995504893479, 'support': 973.0}}"
EXP-5,Ablate Squad Quality (Group 5b),22,"['HomeTeam_Wins', 'HomeTeam_Draws', 'HomeTeam_Losses', 'AwayTeam_Wins', 'AwayTeam_Draws', 'AwayTeam_Losses', 'HomeTeam_AvgGoalsScored', 'HomeTeam_AvgGoalsConceded', 'AwayTeam_AvgGoalsScored', 'AwayTeam_AvgGoalsConceded', 'HomeTeam_AvgShots', 'HomeTeam_AvgShotsConceded', 'AwayTeam_AvgShots', 'AwayTeam_AvgShotsConceded', 'HomeTeam_AvgCorners', 'HomeTeam_AvgCornersConceded', 'AwayTeam_AvgCorners', 'AwayTeam_AvgCornersConceded', 'HomeTeam_AvgFouls', 'AwayTeam_AvgFouls', 'HomeTeam_PrevSeasonRank', 'AwayTeam_PrevSeasonRank']",0.5118191161356629,0.453442634363687,0.6458333333333334,0.25396825396825395,0.4605263157894737,0.14034318923950195,"{'H': {'precision': 0.5882352941176471, 'recall': 0.7159353348729792, 'f1-score': 0.6458333333333334, 'support': 433.0}, 'D': {'precision': 0.2981366459627329, 'recall': 0.22119815668202766, 'f1-score': 0.25396825396825395, 'support': 217.0}, 'A': {'precision': 0.49122807017543857, 'recall': 0.43343653250773995, 'f1-score': 0.4605263157894737, 'support': 323.0}, 'accuracy': 0.5118191161356629, 'macro avg': {'precision': 0.4592000034186062, 'recall': 0.45685667468758223, 'f1-score': 0.453442634363687, 'support': 973.0}, 'weighted avg': {'precision': 0.4913342252759721, 'recall': 0.5118191161356629, 'f1-score': 0.4969238894598607, 'support': 973.0}}"
EXP-6,Only Team Form (Group 2),10,"['HomeTeam_Wins', 'HomeTeam_Draws', 'HomeTeam_Losses', 'AwayTeam_Wins', 'AwayTeam_Draws', 'AwayTeam_Losses', 'HomeTeam_AvgGoalsScored', 'HomeTeam_AvgGoalsConceded', 'AwayTeam_AvgGoalsScored', 'AwayTeam_AvgGoalsConceded']",0.4881808838643371,0.4425362742463898,0.5871559633027523,0.21728395061728395,0.523168908819133,0.10622310638427734,"{'H': {'precision': 0.5831435079726651, 'recall': 0.5912240184757506, 'f1-score': 0.5871559633027523, 'support': 433.0}, 'D': {'precision': 0.23404255319148937, 'recall': 0.20276497695852536, 'f1-score': 0.21728395061728395, 'support': 217.0}, 'A': {'precision': 0.5057803468208093, 'recall': 0.541795665634675, 'f1-score': 0.523168908819133, 'support': 323.0}, 'accuracy': 0.4881808838643371, 'macro avg': {'precision': 0.4409888026616546, 'recall': 0.4452615536896503, 'f1-score': 0.4425362742463898, 'support': 973.0}, 'weighted avg': {'precision': 0.4796047533585186, 'recall': 0.4881808838643371, 'f1-score': 0.48342518699138987, 'support': 973.0}}"
EXP-7,Team Form + Match Dynamics,18,"['HomeTeam_Wins', 'HomeTeam_Draws', 'HomeTeam_Losses', 'AwayTeam_Wins', 'AwayTeam_Draws', 'AwayTeam_Losses', 'HomeTeam_AvgGoalsScored', 'HomeTeam_AvgGoalsConceded', 'AwayTeam_AvgGoalsScored', 'AwayTeam_AvgGoalsConceded', 'HomeTeam_AvgShots', 'HomeTeam_AvgShotsConceded', 'AwayTeam_AvgShots', 'AwayTeam_AvgShotsConceded', 'HomeTeam_AvgCorners', 'HomeTeam_AvgCornersConceded', 'AwayTeam_AvgCorners', 'AwayTeam_AvgCornersConceded']",0.4943473792394656,0.4402864252204497,0.6150537634408603,0.23466666666666666,0.4711388455538221,0.1313459873199463,"{'H': {'precision': 0.5754527162977867, 'recall': 0.6605080831408776, 'f1-score': 0.6150537634408603, 'support': 433.0}, 'D': {'precision': 0.27848101265822783, 'recall': 0.20276497695852536, 'f1-score': 0.23466666666666666, 'support': 217.0}, 'A': {'precision': 0.4748427672955975, 'recall': 0.4674922600619195, 'f1-score': 0.4711388455538221, 'support': 323.0}, 'accuracy': 0.4943473792394656, 'macro avg': {'precision': 0.4429254987505373, 'recall': 0.4435884400537742, 'f1-score': 0.4402864252204497, 'support': 973.0}, 'weighted avg': {'precision': 0.47582283632091993, 'recall': 0.4943473792394656, 'f1-score': 0.48244480303231624, 'support': 973.0}}"
EXP-8,Form + Dynamics + Prev Rank,20,"['HomeTeam_Wins', 'HomeTeam_Draws', 'HomeTeam_Losses', 'AwayTeam_Wins', 'AwayTeam_Draws', 'AwayTeam_Losses', 'HomeTeam_AvgGoalsScored', 'HomeTeam_AvgGoalsConceded', 'AwayTeam_AvgGoalsScored', 'AwayTeam_AvgGoalsConceded', 'HomeTeam_AvgShots', 'HomeTeam_AvgShotsConceded', 'AwayTeam_AvgShots', 'AwayTeam_AvgShotsConceded', 'HomeTeam_AvgCorners', 'HomeTeam_AvgCornersConceded', 'AwayTeam_AvgCorners', 'AwayTeam_AvgCornersConceded', 'HomeTeam_PrevSeasonRank', 'AwayTeam_PrevSeasonRank']",0.49743062692702983,0.4240349626173681,0.6324607329842932,0.16138328530259366,0.4782608695652174,0.13555288314819336,"{'H': {'precision': 0.578544061302682, 'recall': 0.6974595842956121, 'f1-score': 0.6324607329842932, 'support': 433.0}, 'D': {'precision': 0.2153846153846154, 'recall': 0.12903225806451613, 'f1-score': 0.16138328530259366, 'support': 217.0}, 'A': {'precision': 0.4797507788161994, 'recall': 0.47678018575851394, 'f1-score': 0.4782608695652174, 'support': 323.0}, 'accuracy': 0.49743062692702983, 'macro avg': {'precision': 0.4245598185011656, 'recall': 0.43442400937288067, 'f1-score': 0.4240349626173681, 'support': 973.0}, 'weighted avg': {'precision': 0.46475595235370526, 'recall': 0.49743062692702983, 'f1-score': 0.47621164559345014, 'support': 973.0}}"
EXP-9,Form + Dynamics + Prev Rank + Squad Quality (Full),24,"['HomeTeam_Wins', 'HomeTeam_Draws', 'HomeTeam_Losses', 'AwayTeam_Wins', 'AwayTeam_Draws', 'AwayTeam_Losses', 'HomeTeam_AvgGoalsScored', 'HomeTeam_AvgGoalsConceded', 'AwayTeam_AvgGoalsScored', 'AwayTeam_AvgGoalsConceded', 'HomeTeam_AvgShots', 'HomeTeam_AvgShotsConceded', 'AwayTeam_AvgShots', 'AwayTeam_AvgShotsConceded', 'HomeTeam_AvgCorners', 'HomeTeam_AvgCornersConceded', 'AwayTeam_AvgCorners', 'AwayTeam_AvgCornersConceded', 'HomeTeam_PrevSeasonRank', 'AwayTeam_PrevSeasonRank', 'HomeTeam_AvgAge', 'HomeTeam_AvgValue', 'AwayTeam_AvgAge', 'AwayTeam_AvgValue']",0.513874614594039,0.42646270089887967,0.6375908618899273,0.13071895424836602,0.5110782865583456,0.12751197814941406,"{'H': {'precision': 0.5792452830188679, 'recall': 0.7090069284064665, 'f1-score': 0.6375908618899273, 'support': 433.0}, 'D': {'precision': 0.2247191011235955, 'recall': 0.09216589861751152, 'f1-score': 0.13071895424836602, 'support': 217.0}, 'A': {'precision': 0.4887005649717514, 'recall': 0.5356037151702786, 'f1-score': 0.5110782865583456, 'support': 323.0}, 'accuracy': 0.513874614594039, 'macro avg': {'precision': 0.43088831637140496, 'recall': 0.4455921807314189, 'f1-score': 0.42646270089887967, 'support': 973.0}, 'weighted avg': {'precision': 0.4701207964818764, 'recall': 0.513874614594039, 'f1-score': 0.48254999262957826, 'support': 973.0}}"
EXP-10,Team Form + Squad Quality (Skip Dynamics),16,"['HomeTeam_Wins', 'HomeTeam_Draws', 'HomeTeam_Losses', 'AwayTeam_Wins', 'AwayTeam_Draws', 'AwayTeam_Losses', 'HomeTeam_AvgGoalsScored', 'HomeTeam_AvgGoalsConceded', 'AwayTeam_AvgGoalsScored', 'AwayTeam_AvgGoalsConceded', 'HomeTeam_PrevSeasonRank', 'AwayTeam_PrevSeasonRank', 'HomeTeam_AvgAge', 'HomeTeam_AvgValue', 'AwayTeam_AvgAge', 'AwayTeam_AvgValue']",0.5323741007194245,0.4336110040057995,0.6462167689161554,0.10380622837370242,0.5508100147275405,0.11304879188537598,"{'H': {'precision': 0.5798165137614679, 'recall': 0.7297921478060047, 'f1-score': 0.6462167689161554, 'support': 433.0}, 'D': {'precision': 0.20833333333333334, 'recall': 0.06912442396313365, 'f1-score': 0.10380622837370242, 'support': 217.0}, 'A': {'precision': 0.5252808988764045, 'recall': 0.5789473684210527, 'f1-score': 0.5508100147275405, 'support': 323.0}, 'accuracy': 0.5323741007194245, 'macro avg': {'precision': 0.4378102486570686, 'recall': 0.45928798006339705, 'f1-score': 0.4336110040057995, 'support': 973.0}, 'weighted avg': {'precision': 0.4788639405232555, 'recall': 0.5323741007194245, 'f1-score': 0.4935759992341051, 'support': 973.0}}"
EXP-11,Win/Loss Record Only (Group 2a),6,"['HomeTeam_Wins', 'HomeTeam_Draws', 'HomeTeam_Losses', 'AwayTeam_Wins', 'AwayTeam_Draws', 'AwayTeam_Losses']",0.4830421377183967,0.44100063226537145,0.5814771395076201,0.22982885085574573,0.5116959064327485,0.08534026145935059,"{'H': {'precision': 0.5904761904761905, 'recall': 0.5727482678983834, 'f1-score': 0.5814771395076201, 'support': 433.0}, 'D': {'precision': 0.24479166666666666, 'recall': 0.21658986175115208, 'f1-score': 0.22982885085574573, 'support': 217.0}, 'A': {'precision': 0.48476454293628807, 'recall': 0.541795665634675, 'f1-score': 0.5116959064327485, 'support': 323.0}, 'accuracy': 0.4830421377183967, 'macro avg': {'precision': 0.44001080002638177, 'recall': 0.4437112650947368, 'f1-score': 0.44100063226537145, 'support': 973.0}, 'weighted avg': {'precision': 0.4782887250886724, 'recall': 0.4830421377183967, 'f1-score': 0.47988719405989116, 'support': 973.0}}"
EXP-12,Goal Statistics Only (Group 2b),4,"['HomeTeam_AvgGoalsScored', 'HomeTeam_AvgGoalsConceded', 'AwayTeam_AvgGoalsScored', 'AwayTeam_AvgGoalsConceded']",0.4748201438848921,0.4453623614376889,0.5697115384615384,0.2663755458515284,0.5,0.10175704956054688,"{'H': {'precision': 0.5939849624060151, 'recall': 0.5473441108545035, 'f1-score': 0.5697115384615384, 'support': 433.0}, 'D': {'precision': 0.25311203319502074, 'recall': 0.28110599078341014, 'f1-score': 0.2663755458515284, 'support': 217.0}, 'A': {'precision': 0.4924924924924925, 'recall': 0.5077399380804953, 'f1-score': 0.5, 'support': 323.0}, 'accuracy': 0.4748201438848921, 'macro avg': {'precision': 0.44652982936450947, 'recall': 0.44539667990613635, 'f1-score': 0.4453623614376889, 'support': 973.0}, 'weighted avg': {'precision': 0.48427119732805657, 'recall': 0.4748201438848921, 'f1-score': 0.4789194137755682, 'support': 973.0}}"
EXP-13,Win/Loss + Goals (Complete Group 2),10,"['HomeTeam_Wins', 'HomeTeam_Draws', 'HomeTeam_Losses', 'AwayTeam_Wins', 'AwayTeam_Draws', 'AwayTeam_Losses', 'HomeTeam_AvgGoalsScored', 'HomeTeam_AvgGoalsConceded', 'AwayTeam_AvgGoalsScored', 'AwayTeam_AvgGoalsConceded']",0.4881808838643371,0.4425362742463898,0.5871559633027523,0.21728395061728395,0.523168908819133,0.1094505786895752,"{'H': {'precision': 0.5831435079726651, 'recall': 0.5912240184757506, 'f1-score': 0.5871559633027523, 'support': 433.0}, 'D': {'precision': 0.23404255319148937, 'recall': 0.20276497695852536, 'f1-score': 0.21728395061728395, 'support': 217.0}, 'A': {'precision': 0.5057803468208093, 'recall': 0.541795665634675, 'f1-score': 0.523168908819133, 'support': 323.0}, 'accuracy': 0.4881808838643371, 'macro avg': {'precision': 0.4409888026616546, 'recall': 0.4452615536896503, 'f1-score': 0.4425362742463898, 'support': 973.0}, 'weighted avg': {'precision': 0.4796047533585186, 'recall': 0.4881808838643371, 'f1-score': 0.48342518699138987, 'support': 973.0}}"
EXP-14,Goals + Squad Value,8,"['HomeTeam_AvgGoalsScored', 'HomeTeam_AvgGoalsConceded', 'AwayTeam_AvgGoalsScored', 'AwayTeam_AvgGoalsConceded', 'HomeTeam_AvgAge', 'HomeTeam_AvgValue', 'AwayTeam_AvgAge', 'AwayTeam_AvgValue']",0.5200411099691675,0.4388089517870162,0.6182965299684543,0.14012738853503184,0.5580029368575624,0.10020875930786133,"{'H': {'precision': 0.5675675675675675, 'recall': 0.6789838337182448, 'f1-score': 0.6182965299684543, 'support': 433.0}, 'D': {'precision': 0.2268041237113402, 'recall': 0.10138248847926268, 'f1-score': 0.14012738853503184, 'support': 217.0}, 'A': {'precision': 0.5307262569832403, 'recall': 0.5882352941176471, 'f1-score': 0.5580029368575624, 'support': 323.0}, 'accuracy': 0.5200411099691675, 'macro avg': {'precision': 0.4416993160873826, 'recall': 0.4562005387717181, 'f1-score': 0.4388089517870162, 'support': 973.0}, 'weighted avg': {'precision': 0.47934001295755824, 'recall': 0.5200411099691675, 'f1-score': 0.4916392491196663, 'support': 973.0}}"
EXP-15,Only Squad Quality (Group 5b),4,"['HomeTeam_AvgAge', 'HomeTeam_AvgValue', 'AwayTeam_AvgAge', 'AwayTeam_AvgValue']",0.47070914696813976,0.43714855594999413,0.5541327124563445,0.25882352941176473,0.4984894259818731,0.09996414184570312,"{'H': {'precision': 0.5586854460093896, 'recall': 0.5496535796766744, 'f1-score': 0.5541327124563445, 'support': 433.0}, 'D': {'precision': 0.2644230769230769, 'recall': 0.2534562211981567, 'f1-score': 0.25882352941176473, 'support': 217.0}, 'A': {'precision': 0.48672566371681414, 'recall': 0.5108359133126935, 'f1-score': 0.4984894259818731, 'support': 323.0}, 'accuracy': 0.47070914696813976, 'macro avg': {'precision': 0.4366113955497603, 'recall': 0.43798190472917486, 'f1-score': 0.43714855594999413, 'support': 973.0}, 'weighted avg': {'precision': 0.4691706014336119, 'recall': 0.47070914696813976, 'f1-score': 0.4698008786928008, 'support': 973.0}}"
