year,team_name,total_market_value_millions,average_market_value_millions,number_of_players
2000,Arsenal,0.0,0.0,37
2000,Aston Villa,0.0,0.0,33
2000,Bournemouth,0.0,0.0,31
2000,Brentford,0.0,0.0,33
2000,Brighton,0.0,0.0,16
2000,Burnley,0.0,0.0,27
2000,Chelsea,0.0,0.0,38
2000,Crystal Palace,0.0,0.0,42
2000,Everton,0.0,0.0,35
2000,Fulham,0.0,0.0,38
2000,Liverpool,0.0,0.0,35
2000,Leeds United,0.0,0.0,33
2000,Leicester City,0.0,0.0,40
2000,Luton Town,0.0,0.0,33
2000,Manchester City,0.0,0.0,40
2000,Manchester United,0.0,0.0,39
2000,Newcastle,0.0,0.0,37
2000,Norwich City,0.0,0.0,35
2000,Nottingham Forest,0.0,0.0,36
2000,Sheffield United,0.0,0.0,40
2000,Southampton,0.0,0.0,32
2000,Tottenham,0.0,0.0,36
2000,Watford,0.0,0.0,33
2000,West Bromwich,0.0,0.0,29
2000,West Ham,0.0,0.0,48
2000,Wolverhampton,0.0,0.0,38
2001,Arsenal,0.0,0.0,37
2001,Aston Villa,0.0,0.0,27
2001,Bournemouth,0.0,0.0,31
2001,Brentford,0.0,0.0,28
2001,Brighton,0.0,0.0,33
2001,Burnley,0.0,0.0,29
2001,Chelsea,0.0,0.0,36
2001,Crystal Palace,0.0,0.0,38
2001,Everton,0.0,0.0,33
2001,Fulham,0.0,0.0,34
2001,Liverpool,0.0,0.0,34
2001,Leeds United,0.0,0.0,27
2001,Leicester City,0.0,0.0,37
2001,Luton Town,0.0,0.0,14
2001,Manchester City,0.0,0.0,40
2001,Manchester United,0.0,0.0,38
2001,Newcastle,0.0,0.0,35
2001,Norwich City,0.0,0.0,28
2001,Nottingham Forest,0.0,0.0,33
2001,Sheffield United,0.0,0.0,35
2001,Southampton,0.0,0.0,37
2001,Tottenham,0.0,0.0,32
2001,Watford,0.0,0.0,38
2001,West Bromwich,0.0,0.0,28
2001,West Ham,0.0,0.0,33
2001,Wolverhampton,0.0,0.0,31
2002,Arsenal,0.0,0.0,36
2002,Aston Villa,0.0,0.0,36
2002,Bournemouth,0.0,0.0,27
2002,Brentford,0.0,0.0,30
2002,Brighton,0.0,0.0,35
2002,Burnley,0.0,0.0,30
2002,Chelsea,0.0,0.0,33
2002,Crystal Palace,0.0,0.0,37
2002,Everton,0.0,0.0,33
2002,Fulham,0.0,0.0,32
2002,Liverpool,0.0,0.0,31
2002,Leeds United,0.0,0.0,36
2002,Leicester City,0.0,0.0,35
2002,Luton Town,0.0,0.0,39
2002,Manchester City,0.0,0.0,44
2002,Manchester United,0.0,0.0,34
2002,Newcastle,0.0,0.0,34
2002,Norwich City,0.0,0.0,30
2002,Nottingham Forest,0.0,0.0,32
2002,Sheffield United,0.0,0.0,42
2002,Southampton,0.0,0.0,33
2002,Tottenham,0.0,0.0,37
2002,Watford,0.0,0.0,34
2002,West Bromwich,0.0,0.0,29
2002,West Ham,0.0,0.0,41
2002,Wolverhampton,0.0,0.0,31
2003,Arsenal,0.0,0.0,38
2003,Aston Villa,0.0,0.0,27
2003,Bournemouth,0.0,0.0,26
2003,Brentford,0.0,0.0,37
2003,Brighton,0.0,0.0,34
2003,Burnley,0.0,0.0,31
2003,Chelsea,0.0,0.0,32
2003,Crystal Palace,0.0,0.0,32
2003,Everton,0.0,0.0,31
2003,Fulham,0.0,0.0,37
2003,Liverpool,0.0,0.0,34
2003,Leeds United,0.0,0.0,37
2003,Leicester City,0.0,0.0,40
2003,Luton Town,0.0,0.0,36
2003,Manchester City,0.0,0.0,33
2003,Manchester United,0.0,0.0,35
2003,Newcastle,0.0,0.0,32
2003,Norwich City,0.0,0.0,29
2003,Nottingham Forest,0.0,0.0,36
2003,Sheffield United,0.0,0.0,43
2003,Southampton,0.0,0.0,35
2003,Tottenham,0.0,0.0,34
2003,Watford,0.0,0.0,34
2003,West Bromwich,0.0,0.0,30
2003,West Ham,0.0,0.0,40
2003,Wolverhampton,0.0,0.0,36
2004,Arsenal,247.0,6.68,37
2004,Aston Villa,84.18,3.24,26
2004,Bournemouth,1.57,0.05,30
2004,Brentford,2.4,0.06,42
2004,Brighton,2.12,0.06,37
2004,Burnley,14.1,0.52,27
2004,Chelsea,331.48,10.69,31
2004,Crystal Palace,38.52,1.1,35
2004,Everton,74.28,2.86,26
2004,Fulham,65.22,1.92,34
2004,Liverpool,222.12,5.85,38
2004,Leeds United,52.85,1.08,49
2004,Leicester City,34.5,0.93,37
2004,Luton Town,0.8,0.02,34
2004,Manchester City,94.3,2.77,34
2004,Manchester United,293.23,7.93,37
2004,Newcastle,125.9,4.06,31
2004,Norwich City,31.05,1.11,28
2004,Nottingham Forest,33.5,0.74,45
2004,Sheffield United,14.22,0.36,40
2004,Southampton,85.47,2.08,41
2004,Tottenham,129.45,3.41,38
2004,Watford,8.18,0.21,39
2004,West Bromwich,50.4,1.57,32
2004,West Ham,41.15,1.0,41
2004,Wolverhampton,37.88,1.11,34
2005,Arsenal,232.33,6.28,37
2005,Aston Villa,89.6,2.89,31
2005,Bournemouth,1.62,0.05,33
2005,Brentford,5.15,0.16,33
2005,Brighton,5.5,0.16,35
2005,Burnley,14.6,0.47,31
2005,Chelsea,363.43,12.11,30
2005,Crystal Palace,40.02,1.25,32
2005,Everton,92.92,3.0,31
2005,Fulham,70.88,2.15,33
2005,Liverpool,216.35,5.85,37
2005,Leeds United,32.05,0.92,35
2005,Leicester City,23.8,0.64,37
2005,Luton Town,11.12,0.37,30
2005,Manchester City,91.9,2.87,32
2005,Manchester United,254.57,7.49,34
2005,Newcastle,150.48,4.7,32
2005,Norwich City,46.7,1.37,34
2005,Nottingham Forest,11.9,0.35,34
2005,Sheffield United,31.4,0.68,46
2005,Southampton,61.62,1.31,47
2005,Tottenham,154.32,4.82,32
2005,Watford,17.27,0.43,40
2005,West Bromwich,65.55,2.05,32
2005,West Ham,62.55,1.9,33
2005,Wolverhampton,57.6,1.56,37
2006,Arsenal,278.18,7.32,38
2006,Aston Villa,109.5,3.22,34
2006,Bournemouth,3.18,0.08,42
2006,Brentford,4.17,0.11,37
2006,Brighton,7.8,0.18,43
2006,Burnley,24.38,0.9,27
2006,Chelsea,416.75,11.26,37
2006,Crystal Palace,30.43,0.87,35
2006,Everton,109.45,3.77,29
2006,Fulham,84.67,2.29,37
2006,Liverpool,239.77,6.31,38
2006,Leeds United,42.58,0.91,47
2006,Leicester City,22.2,0.6,37
2006,Luton Town,12.4,0.34,37
2006,Manchester City,89.25,2.62,34
2006,Manchester United,259.15,6.82,38
2006,Newcastle,146.55,4.19,35
2006,Norwich City,26.43,0.64,41
2006,Nottingham Forest,9.68,0.26,37
2006,Sheffield United,43.37,1.01,43
2006,Southampton,40.48,1.26,32
2006,Tottenham,165.73,4.36,38
2006,Watford,32.97,0.77,43
2006,West Bromwich,58.35,1.67,35
2006,West Ham,105.45,3.01,35
2006,Wolverhampton,34.95,0.81,43
2007,Arsenal,262.4,7.5,35
2007,Aston Villa,112.1,4.48,25
2007,Bournemouth,3.65,0.09,39
2007,Brentford,2.65,0.07,38
2007,Brighton,6.42,0.18,35
2007,Burnley,32.05,1.03,31
2007,Chelsea,434.35,11.14,39
2007,Crystal Palace,27.18,0.6,45
2007,Everton,155.3,4.85,32
2007,Fulham,99.05,2.3,43
2007,Liverpool,305.65,7.45,41
2007,Leeds United,24.75,0.59,42
2007,Leicester City,33.66,0.7,48
2007,Luton Town,11.22,0.3,37
2007,Manchester City,150.1,4.17,36
2007,Manchester United,354.55,9.33,38
2007,Newcastle,135.2,4.1,33
2007,Norwich City,24.5,0.56,44
2007,Nottingham Forest,9.05,0.27,33
2007,Sheffield United,55.56,1.32,42
2007,Southampton,44.3,1.05,42
2007,Tottenham,220.5,5.8,38
2007,Watford,36.76,0.9,41
2007,West Bromwich,61.13,1.85,33
2007,West Ham,120.0,3.33,36
2007,Wolverhampton,31.0,0.76,41
2008,Arsenal,311.45,7.6,41
2008,Aston Villa,157.35,4.5,35
2008,Bournemouth,2.58,0.07,39
2008,Brentford,4.78,0.12,39
2008,Brighton,12.82,0.27,48
2008,Burnley,25.8,1.03,25
2008,Chelsea,448.55,13.59,33
2008,Crystal Palace,30.9,0.81,38
2008,Everton,190.32,5.95,32
2008,Fulham,83.85,2.21,38
2008,Liverpool,342.85,10.39,33
2008,Leeds United,17.48,0.51,34
2008,Leicester City,19.25,0.47,41
2008,Luton Town,6.9,0.17,41
2008,Manchester City,258.35,6.62,39
2008,Manchester United,425.95,10.14,42
2008,Newcastle,134.55,3.54,38
2008,Norwich City,28.0,0.7,40
2008,Nottingham Forest,25.12,0.6,42
2008,Sheffield United,40.2,0.93,43
2008,Southampton,23.68,0.55,43
2008,Tottenham,278.8,6.48,43
2008,Watford,25.43,0.57,45
2008,West Bromwich,66.1,1.89,35
2008,West Ham,133.9,3.35,40
2008,Wolverhampton,49.8,1.28,39
2009,Arsenal,314.3,6.98,45
2009,Aston Villa,167.38,5.4,31
2009,Bournemouth,3.68,0.13,29
2009,Brentford,7.45,0.2,37
2009,Brighton,12.12,0.27,45
2009,Burnley,48.15,1.46,33
2009,Chelsea,451.95,12.55,36
2009,Crystal Palace,20.43,0.62,33
2009,Everton,218.93,5.21,42
2009,Fulham,101.17,2.47,41
2009,Liverpool,331.55,9.75,34
2009,Leeds United,22.86,0.56,41
2009,Leicester City,27.07,0.71,38
2009,Luton Town,3.3,0.08,39
2009,Manchester City,312.5,7.81,40
2009,Manchester United,384.88,9.62,40
2009,Newcastle,82.08,1.87,44
2009,Norwich City,20.23,0.48,42
2009,Nottingham Forest,35.7,1.08,33
2009,Sheffield United,43.16,0.94,46
2009,Southampton,18.23,0.48,38
2009,Tottenham,263.52,6.43,41
2009,Watford,23.05,0.54,43
2009,West Bromwich,70.72,1.47,48
2009,West Ham,121.75,3.48,35
2009,Wolverhampton,65.47,1.77,37
2010,Arsenal,324.0,9.53,34
2010,Aston Villa,202.8,5.2,39
2010,Bournemouth,5.55,0.16,35
2010,Brentford,9.97,0.24,42
2010,Brighton,7.65,0.21,37
2010,Burnley,41.8,1.1,38
2010,Chelsea,424.1,12.85,33
2010,Crystal Palace,23.12,0.56,41
2010,Everton,184.47,5.76,32
2010,Fulham,109.55,3.22,34
2010,Liverpool,339.2,8.08,42
2010,Leeds United,33.48,0.76,44
2010,Leicester City,60.48,1.19,51
2010,Luton Town,3.12,0.08,37
2010,Manchester City,404.18,8.98,45
2010,Manchester United,388.0,9.02,43
2010,Newcastle,119.47,3.14,38
2010,Norwich City,21.3,0.56,38
2010,Nottingham Forest,42.2,1.21,35
2010,Sheffield United,34.23,0.65,53
2010,Southampton,18.2,0.47,39
2010,Tottenham,307.07,8.08,38
2010,Watford,16.4,0.41,40
2010,West Bromwich,86.88,2.35,37
2010,West Ham,138.75,3.47,40
2010,Wolverhampton,83.55,1.99,42
2011,Arsenal,362.43,8.05,45
2011,Aston Villa,123.5,3.34,37
2011,Bournemouth,7.58,0.16,46
2011,Brentford,7.42,0.18,42
2011,Brighton,20.1,0.48,42
2011,Burnley,31.02,0.82,38
2011,Chelsea,375.5,11.73,32
2011,Crystal Palace,26.12,0.57,46
2011,Everton,169.95,4.72,36
2011,Fulham,100.0,2.78,36
2011,Liverpool,236.9,7.64,31
2011,Leeds United,32.88,0.82,40
2011,Leicester City,42.1,1.08,39
2011,Luton Town,1.68,0.05,37
2011,Manchester City,498.6,13.85,36
2011,Manchester United,404.1,9.86,41
2011,Newcastle,161.7,4.37,37
2011,Norwich City,58.75,2.03,29
2011,Nottingham Forest,25.57,0.69,37
2011,Sheffield United,18.4,0.47,39
2011,Southampton,48.77,1.25,39
2011,Tottenham,323.5,6.47,50
2011,Watford,22.32,0.54,41
2011,West Bromwich,69.55,1.93,36
2011,West Ham,83.55,1.71,49
2011,Wolverhampton,78.05,2.11,37
2012,Arsenal,296.9,7.07,42
2012,Aston Villa,110.5,3.35,33
2012,Bournemouth,8.75,0.2,44
2012,Brentford,7.45,0.22,34
2012,Brighton,28.35,0.79,36
2012,Burnley,24.4,0.72,34
2012,Chelsea,454.25,13.36,34
2012,Crystal Palace,36.35,0.87,42
2012,Everton,139.75,4.82,29
2012,Fulham,109.85,2.97,37
2012,Liverpool,276.1,6.73,41
2012,Leeds United,32.62,0.84,39
2012,Leicester City,30.05,0.91,33
2012,Luton Town,1.85,0.05,39
2012,Manchester City,502.1,12.25,41
2012,Manchester United,457.5,11.16,41
2012,Newcastle,200.25,5.13,39
2012,Norwich City,73.25,2.03,36
2012,Nottingham Forest,37.05,1.0,37
2012,Sheffield United,14.62,0.38,39
2012,Southampton,83.05,2.08,40
2012,Tottenham,296.8,7.24,41
2012,Watford,30.43,0.69,44
2012,West Bromwich,93.5,2.92,32
2012,West Ham,103.0,2.64,39
2012,Wolverhampton,82.3,1.44,57
2013,Arsenal,385.75,9.41,41
2013,Aston Villa,109.5,3.04,36
2013,Bournemouth,19.35,0.51,38
2013,Brentford,8.78,0.2,44
2013,Brighton,30.85,0.86,36
2013,Burnley,25.52,0.88,29
2013,Chelsea,584.2,11.92,49
2013,Crystal Palace,68.7,1.53,45
2013,Everton,210.0,6.18,34
2013,Fulham,112.65,2.35,48
2013,Liverpool,315.75,8.77,36
2013,Leeds United,33.95,0.94,36
2013,Leicester City,36.55,1.11,33
2013,Luton Town,1.5,0.04,40
2013,Manchester City,455.8,16.88,27
2013,Manchester United,402.55,10.88,37
2013,Newcastle,172.3,4.66,37
2013,Norwich City,89.3,2.79,32
2013,Nottingham Forest,45.75,1.14,40
2013,Sheffield United,14.43,0.33,44
2013,Southampton,131.5,3.76,35
2013,Tottenham,288.95,7.05,41
2013,Watford,42.55,1.01,42
2013,West Bromwich,90.8,2.75,33
2013,West Ham,109.5,2.43,45
2013,Wolverhampton,26.98,0.67,40
2014,Arsenal,414.75,9.88,42
2014,Aston Villa,114.25,3.01,38
2014,Bournemouth,25.52,0.65,39
2014,Brentford,20.23,0.52,39
2014,Brighton,34.1,0.81,42
2014,Burnley,52.55,1.75,30
2014,Chelsea,557.25,14.66,38
2014,Crystal Palace,0.0,0.0,0
2014,Everton,0.0,0.0,0
2014,Fulham,0.0,0.0,0
2014,Liverpool,0.0,0.0,0
2014,Leeds United,0.0,0.0,0
2014,Leicester City,0.0,0.0,0
2014,Luton Town,0.0,0.0,0
2014,Manchester City,0.0,0.0,0
2014,Manchester United,0.0,0.0,0
2014,Newcastle,0.0,0.0,0
2014,Norwich City,0.0,0.0,0
2014,Nottingham Forest,0.0,0.0,0
2014,Sheffield United,0.0,0.0,0
2014,Southampton,0.0,0.0,0
2014,Tottenham,0.0,0.0,0
2014,Watford,0.0,0.0,0
2014,West Bromwich,0.0,0.0,0
2014,West Ham,135.9,3.78,36
2014,Wolverhampton,27.45,0.74,37
2015,Arsenal,457.85,11.17,41
2015,Aston Villa,117.95,2.68,44
2015,Bournemouth,99.9,2.04,49
2015,Brentford,39.0,1.03,38
2015,Brighton,40.85,1.1,37
2015,Burnley,56.5,1.61,35
2015,Chelsea,553.5,13.84,40
2015,Crystal Palace,135.7,3.57,38
2015,Everton,249.85,6.41,39
2015,Fulham,46.2,1.16,40
2015,Liverpool,375.25,8.53,44
2015,Leeds United,34.25,1.04,33
2015,Leicester City,161.1,4.6,35
2015,Luton Town,5.5,0.14,40
2015,Manchester City,499.35,13.14,38
2015,Manchester United,439.85,10.0,44
2015,Newcastle,198.0,4.71,42
2015,Norwich City,116.9,2.85,41
2015,Nottingham Forest,47.6,1.13,42
2015,Sheffield United,14.07,0.32,44
2015,Southampton,225.5,6.44,35
2015,Tottenham,371.85,12.0,31
2015,Watford,137.0,3.51,39
2015,West Bromwich,113.1,3.23,35
2015,West Ham,201.32,4.03,50
2015,Wolverhampton,39.23,0.91,43
2016,Arsenal,542.0,12.9,42
2016,Aston Villa,144.75,3.37,43
2016,Bournemouth,131.6,3.21,41
2016,Brentford,33.75,0.89,38
2016,Brighton,56.6,1.49,38
2016,Burnley,107.17,2.98,36
2016,Chelsea,686.7,14.01,49
2016,Crystal Palace,228.43,5.08,45
2016,Everton,311.25,7.98,39
2016,Fulham,65.85,1.78,37
2016,Liverpool,425.65,11.2,38
2016,Leeds United,50.45,1.36,37
2016,Leicester City,218.65,7.05,31
2016,Luton Town,4.53,0.11,40
2016,Manchester City,576.5,16.47,35
2016,Manchester United,531.45,12.65,42
2016,Newcastle,172.68,3.92,44
2016,Norwich City,89.7,2.24,40
2016,Nottingham Forest,63.4,1.41,45
2016,Sheffield United,16.1,0.37,43
2016,Southampton,263.75,7.33,36
2016,Tottenham,543.65,14.31,38
2016,Watford,175.65,3.82,46
2016,West Bromwich,123.2,4.11,30
2016,West Ham,273.05,6.21,44
2016,Wolverhampton,59.62,1.36,44
2017,Arsenal,694.0,15.42,45
2017,Aston Villa,96.9,2.2,44
2017,Bournemouth,144.5,4.13,35
2017,Brentford,47.95,1.37,35
2017,Brighton,148.2,3.8,39
2017,Burnley,169.3,5.64,30
2017,Chelsea,884.25,19.22,46
2017,Crystal Palace,220.72,5.38,41
2017,Everton,381.25,7.94,48
2017,Fulham,125.55,3.49,36
2017,Liverpool,857.5,24.5,35
2017,Leeds United,82.9,1.73,48
2017,Leicester City,304.25,8.95,34
2017,Luton Town,3.98,0.09,42
2017,Manchester City,1009.0,31.53,32
2017,Manchester United,849.5,24.27,35
2017,Newcastle,208.28,5.63,37
2017,Norwich City,68.72,1.81,38
2017,Nottingham Forest,58.5,1.46,40
2017,Sheffield United,23.75,0.64,37
2017,Southampton,297.0,10.24,29
2017,Tottenham,829.6,24.4,34
2017,Watford,196.0,5.3,37
2017,West Bromwich,165.95,5.03,33
2017,West Ham,260.6,6.36,41
2017,Wolverhampton,109.45,2.49,44
2018,Arsenal,659.05,15.69,42
2018,Aston Villa,164.45,3.82,43
2018,Bournemouth,310.0,8.38,37
2018,Brentford,76.35,1.96,39
2018,Brighton,194.35,4.74,41
2018,Burnley,197.25,5.98,33
2018,Chelsea,1166.65,21.6,54
2018,Crystal Palace,289.0,8.03,36
2018,Everton,529.1,13.23,40
2018,Fulham,254.25,7.7,33
2018,Liverpool,1172.4,30.06,39
2018,Leeds United,94.45,1.93,49
2018,Leicester City,434.1,11.73,37
2018,Luton Town,8.05,0.21,39
2018,Manchester City,1203.45,25.61,47
2018,Manchester United,797.6,22.16,36
2018,Newcastle,244.65,6.61,37
2018,Norwich City,86.3,2.33,37
2018,Nottingham Forest,83.1,1.85,45
2018,Sheffield United,61.75,1.58,39
2018,Southampton,305.4,7.63,40
2018,Tottenham,898.6,26.43,34
2018,Watford,239.1,6.13,39
2018,West Bromwich,145.65,3.94,37
2018,West Ham,359.0,9.7,37
2018,Wolverhampton,302.9,7.57,40
2019,Arsenal,607.65,15.99,38
2019,Aston Villa,231.7,6.1,38
2019,Bournemouth,272.18,6.98,39
2019,Brentford,70.38,1.95,36
2019,Brighton,200.78,4.46,45
2019,Burnley,163.88,4.68,35
2019,Chelsea,705.85,19.61,36
2019,Crystal Palace,189.32,5.74,33
2019,Everton,420.55,12.02,35
2019,Fulham,116.6,3.24,36
2019,Liverpool,1002.65,17.9,56
2019,Leeds United,100.75,2.88,35
2019,Leicester City,411.1,12.85,32
2019,Luton Town,20.25,0.58,35
2019,Manchester City,1048.67,29.96,35
2019,Manchester United,670.45,15.59,43
2019,Newcastle,252.47,6.16,41
2019,Norwich City,145.32,3.82,38
2019,Nottingham Forest,65.0,1.48,44
2019,Sheffield United,138.6,4.08,34
2019,Southampton,210.75,5.85,36
2019,Tottenham,806.8,22.41,36
2019,Watford,199.6,4.64,43
2019,West Bromwich,90.92,2.46,37
2019,West Ham,303.6,7.99,38
2019,Wolverhampton,320.32,7.28,44
2020,Arsenal,619.25,14.74,42
2020,Aston Villa,430.7,8.13,53
2020,Bournemouth,139.55,4.1,34
2020,Brentford,168.9,4.22,40
2020,Brighton,290.4,6.31,46
2020,Burnley,132.3,4.13,32
2020,Chelsea,889.2,22.8,39
2020,Crystal Palace,193.85,5.38,36
2020,Everton,511.2,11.62,44
2020,Fulham,239.75,6.31,38
2020,Liverpool,969.65,22.55,43
2020,Leeds United,238.1,6.11,39
2020,Leicester City,510.6,12.77,40
2020,Luton Town,24.95,0.64,39
2020,Manchester City,1044.5,29.01,36
2020,Manchester United,770.05,19.74,39
2020,Newcastle,255.35,7.74,33
2020,Norwich City,182.4,4.15,44
2020,Nottingham Forest,55.45,1.46,38
2020,Sheffield United,149.85,3.75,40
2020,Southampton,282.8,7.25,39
2020,Tottenham,703.5,17.16,41
2020,Watford,113.3,2.52,45
2020,West Bromwich,141.15,3.28,43
2020,West Ham,334.9,8.59,39
2020,Wolverhampton,450.3,11.85,38
2021,Arsenal,613.05,14.95,41
2021,Aston Villa,487.75,11.09,44
2021,Bournemouth,180.4,4.63,39
2021,Brentford,273.3,7.19,38
2021,Brighton,318.0,7.4,43
2021,Burnley,137.85,3.94,35
2021,Chelsea,914.5,20.78,44
2021,Crystal Palace,271.05,8.21,33
2021,Everton,479.05,11.41,42
2021,Fulham,188.9,4.97,38
2021,Liverpool,918.9,18.75,49
2021,Leeds United,299.45,8.56,35
2021,Leicester City,526.55,13.16,40
2021,Luton Town,30.25,0.8,38
2021,Manchester City,1003.7,25.74,39
2021,Manchester United,769.15,17.89,43
2021,Newcastle,313.9,9.23,34
2021,Norwich City,163.2,3.63,45
2021,Nottingham Forest,82.95,2.02,41
2021,Sheffield United,136.4,3.1,44
2021,Southampton,274.3,8.31,33
2021,Tottenham,689.35,15.32,45
2021,Watford,156.2,3.32,47
2021,West Bromwich,87.4,2.19,40
2021,West Ham,354.9,9.59,37
2021,Wolverhampton,376.95,9.92,38
2022,Arsenal,1000.7,23.83,42
2022,Aston Villa,509.55,11.85,43
2022,Bournemouth,287.2,6.11,47
2022,Brentford,371.2,10.31,36
2022,Brighton,529.8,12.61,42
2022,Burnley,193.35,4.96,39
2022,Chelsea,994.95,23.14,43
2022,Crystal Palace,323.05,8.28,39
2022,Everton,413.15,10.33,40
2022,Fulham,295.1,6.28,47
2022,Liverpool,811.85,20.82,39
2022,Leeds United,345.15,7.34,47
2022,Leicester City,490.7,12.91,38
2022,Luton Town,46.83,1.06,44
2022,Manchester City,1145.95,33.7,34
2022,Manchester United,847.75,17.66,48
2022,Newcastle,541.6,14.25,38
2022,Norwich City,126.55,3.42,37
2022,Nottingham Forest,376.25,7.53,50
2022,Sheffield United,118.55,3.2,37
2022,Southampton,419.95,9.13,46
2022,Tottenham,649.1,19.09,34
2022,Watford,155.4,3.11,50
2022,West Bromwich,69.35,1.73,40
2022,West Ham,465.6,10.58,44
2022,Wolverhampton,497.65,11.57,43
2023,Arsenal,1203.05,30.08,40
2023,Aston Villa,709.65,15.77,45
2023,Bournemouth,401.75,9.57,42
2023,Brentford,428.77,10.21,42
2023,Brighton,524.4,10.7,49
2023,Burnley,273.48,7.01,39
2023,Chelsea,1013.65,18.1,56
2023,Crystal Palace,446.57,11.16,40
2023,Everton,391.75,11.52,34
2023,Fulham,384.35,10.98,35
2023,Liverpool,955.65,21.24,45
2023,Leeds United,244.5,6.27,39
2023,Leicester City,242.85,6.56,37
2023,Luton Town,140.9,3.06,46
2023,Manchester City,1462.5,40.62,36
2023,Manchester United,808.35,17.57,46
2023,Newcastle,652.25,14.49,45
2023,Norwich City,94.12,2.3,41
2023,Nottingham Forest,501.35,10.9,46
2023,Sheffield United,152.35,3.39,45
2023,Southampton,332.48,8.11,41
2023,Tottenham,838.5,20.45,41
2023,Watford,72.6,2.02,36
2023,West Bromwich,64.85,1.44,45
2023,West Ham,487.5,13.54,36
2023,Wolverhampton,442.73,9.42,47
2024,Arsenal,1158.45,27.58,42
2024,Aston Villa,680.55,16.6,41
2024,Bournemouth,518.6,13.3,39
2024,Brentford,427.85,11.26,38
2024,Brighton,667.58,13.62,49
2024,Burnley,293.18,5.33,55
2024,Chelsea,1193.95,20.59,58
2024,Crystal Palace,526.85,13.17,40
2024,Everton,363.23,9.31,39
2024,Fulham,362.35,12.94,28
2024,Liverpool,950.95,27.17,35
2024,Leeds United,247.05,8.24,30
2024,Leicester City,253.35,6.33,40
2024,Luton Town,86.85,1.93,45
2024,Manchester City,1358.0,30.86,44
2024,Manchester United,825.0,16.84,49
2024,Newcastle,677.52,18.82,36
2024,Norwich City,151.0,3.21,47
2024,Nottingham Forest,481.3,14.58,33
2024,Sheffield United,176.7,4.11,43
2024,Southampton,310.05,7.38,42
2024,Tottenham,777.3,18.96,41
2024,Watford,68.33,1.75,39
2024,West Bromwich,88.67,1.93,46
2024,West Ham,400.7,13.82,29
2024,Wolverhampton,433.05,9.84,44
2025,Arsenal,1314.0,52.56,25
2025,Aston Villa,546.0,23.74,23
2025,Bournemouth,448.1,17.92,25
2025,Brentford,434.9,14.03,31
2025,Brighton,520.6,20.02,26
2025,Burnley,247.15,7.72,32
2025,Chelsea,1136.5,36.66,31
2025,Crystal Palace,484.52,16.15,30
2025,Everton,414.6,17.28,24
2025,Fulham,374.0,15.58,24
2025,Liverpool,1154.2,44.39,26
2025,Leeds United,316.3,12.17,26
2025,Leicester City,168.75,6.25,27
2025,Luton Town,38.15,1.27,30
2025,Manchester City,1212.6,46.64,26
2025,Manchester United,730.2,28.08,26
2025,Newcastle,751.83,25.93,29
2025,Norwich City,103.2,3.44,30
2025,Nottingham Forest,644.7,23.03,28
2025,Sheffield United,133.68,3.82,35
2025,Southampton,189.3,6.76,28
2025,Tottenham,920.6,31.74,29
2025,Watford,57.85,2.07,28
2025,West Bromwich,81.25,3.69,22
2025,West Ham,400.8,15.42,26
2025,Wolverhampton,376.6,14.48,26
